code,lang,lto,nodes,ranks,scaling,style,rep,metric
pic,c,0,1,20,strong,GEOMETRIC,0,73.118567
pic,c,1,1,20,strong,GEOMETRIC,0,74.910529
pic,rust,0,1,20,strong,GEOMETRIC,0,69.798377
pic,rust,1,1,20,strong,GEOMETRIC,0,70.202059
pic,c,0,1,20,strong,GEOMETRIC,1,72.528752
pic,c,1,1,20,strong,GEOMETRIC,1,74.151437
pic,rust,0,1,20,strong,GEOMETRIC,1,70.243539
pic,rust,1,1,20,strong,GEOMETRIC,1,67.888074
pic,c,0,1,20,strong,GEOMETRIC,2,72.564608
pic,c,1,1,20,strong,GEOMETRIC,2,75.123713
pic,rust,0,1,20,strong,GEOMETRIC,2,69.96572
pic,rust,1,1,20,strong,GEOMETRIC,2,69.255663
pic,c,0,1,20,strong,GEOMETRIC,3,71.341265
pic,c,1,1,20,strong,GEOMETRIC,3,75.246424
pic,rust,0,1,20,strong,GEOMETRIC,3,66.863852
pic,rust,1,1,20,strong,GEOMETRIC,3,70.529532
pic,c,0,1,20,strong,GEOMETRIC,4,72.496608
pic,c,1,1,20,strong,GEOMETRIC,4,73.840897
pic,rust,0,1,20,strong,GEOMETRIC,4,70.401203
pic,rust,1,1,20,strong,GEOMETRIC,4,70.409721
pic,c,0,1,20,strong,GEOMETRIC,5,72.358761
pic,c,1,1,20,strong,GEOMETRIC,5,73.923189
pic,rust,0,1,20,strong,GEOMETRIC,5,70.171179
pic,rust,1,1,20,strong,GEOMETRIC,5,70.811957
pic,c,0,1,20,strong,GEOMETRIC,6,72.544809
pic,c,1,1,20,strong,GEOMETRIC,6,75.199228
pic,rust,0,1,20,strong,GEOMETRIC,6,69.713651
pic,rust,1,1,20,strong,GEOMETRIC,6,69.054281
pic,c,0,1,20,strong,GEOMETRIC,7,72.271941
pic,c,1,1,20,strong,GEOMETRIC,7,75.224892
pic,rust,0,1,20,strong,GEOMETRIC,7,69.785554
pic,rust,1,1,20,strong,GEOMETRIC,7,70.630254
pic,c,0,1,20,strong,GEOMETRIC,8,72.686663
pic,c,1,1,20,strong,GEOMETRIC,8,72.85007
pic,rust,0,1,20,strong,GEOMETRIC,8,69.671456
pic,rust,1,1,20,strong,GEOMETRIC,8,70.820939
pic,c,0,1,20,strong,GEOMETRIC,9,71.251806
pic,c,1,1,20,strong,GEOMETRIC,9,75.221031
pic,rust,0,1,20,strong,GEOMETRIC,9,70.355091
pic,rust,1,1,20,strong,GEOMETRIC,9,68.002125
pic,c,0,1,20,strong,LINEAR,0,187.499563
pic,c,1,1,20,strong,LINEAR,0,193.380516
pic,rust,0,1,20,strong,LINEAR,0,143.247918
pic,rust,1,1,20,strong,LINEAR,0,138.794487
pic,c,0,1,20,strong,LINEAR,1,201.149848
pic,c,1,1,20,strong,LINEAR,1,204.684393
pic,rust,0,1,20,strong,LINEAR,1,143.910537
pic,rust,1,1,20,strong,LINEAR,1,112.759535
pic,c,0,1,20,strong,LINEAR,2,200.111931
pic,c,1,1,20,strong,LINEAR,2,204.667233
pic,rust,0,1,20,strong,LINEAR,2,143.51251
pic,rust,1,1,20,strong,LINEAR,2,140.6799
pic,c,0,1,20,strong,LINEAR,3,197.348375
pic,c,1,1,20,strong,LINEAR,3,186.56515
pic,rust,0,1,20,strong,LINEAR,3,132.518877
pic,rust,1,1,20,strong,LINEAR,3,137.955039
pic,c,0,1,20,strong,LINEAR,4,189.784427
pic,c,1,1,20,strong,LINEAR,4,208.535915
pic,rust,0,1,20,strong,LINEAR,4,144.913585
pic,rust,1,1,20,strong,LINEAR,4,141.515325
pic,c,0,1,20,strong,LINEAR,5,201.473387
pic,c,1,1,20,strong,LINEAR,5,208.730667
pic,rust,0,1,20,strong,LINEAR,5,146.189099
pic,rust,1,1,20,strong,LINEAR,5,136.167348
pic,c,0,1,20,strong,LINEAR,6,201.353725
pic,c,1,1,20,strong,LINEAR,6,188.675055
pic,rust,0,1,20,strong,LINEAR,6,137.139376
pic,rust,1,1,20,strong,LINEAR,6,104.135263
pic,c,0,1,20,strong,LINEAR,7,200.541281
pic,c,1,1,20,strong,LINEAR,7,208.293513
pic,rust,0,1,20,strong,LINEAR,7,142.233286
pic,rust,1,1,20,strong,LINEAR,7,140.491816
pic,c,0,1,20,strong,LINEAR,8,186.76416
pic,c,1,1,20,strong,LINEAR,8,205.818433
pic,rust,0,1,20,strong,LINEAR,8,139.593425
pic,rust,1,1,20,strong,LINEAR,8,145.633892
pic,c,0,1,20,strong,LINEAR,9,201.212831
pic,c,1,1,20,strong,LINEAR,9,187.127442
pic,rust,0,1,20,strong,LINEAR,9,145.901864
pic,rust,1,1,20,strong,LINEAR,9,140.756098
pic,c,0,1,20,strong,PATCH,0,14.204039
pic,c,1,1,20,strong,PATCH,0,14.818705
pic,rust,0,1,20,strong,PATCH,0,15.312013
pic,rust,1,1,20,strong,PATCH,0,15.688339
pic,c,0,1,20,strong,PATCH,1,14.199542
pic,c,1,1,20,strong,PATCH,1,14.796997
pic,rust,0,1,20,strong,PATCH,1,15.429028
pic,rust,1,1,20,strong,PATCH,1,15.578477
pic,c,0,1,20,strong,PATCH,2,14.199154
pic,c,1,1,20,strong,PATCH,2,14.768282
pic,rust,0,1,20,strong,PATCH,2,15.597453
pic,rust,1,1,20,strong,PATCH,2,15.717465
pic,c,0,1,20,strong,PATCH,3,14.20129
pic,c,1,1,20,strong,PATCH,3,14.807762
pic,rust,0,1,20,strong,PATCH,3,15.568218
pic,rust,1,1,20,strong,PATCH,3,15.405818
pic,c,0,1,20,strong,PATCH,4,14.179708
pic,c,1,1,20,strong,PATCH,4,14.778965
pic,rust,0,1,20,strong,PATCH,4,15.477665
pic,rust,1,1,20,strong,PATCH,4,15.783481
pic,c,0,1,20,strong,PATCH,5,14.166203
pic,c,1,1,20,strong,PATCH,5,14.785455
pic,rust,0,1,20,strong,PATCH,5,15.579869
pic,rust,1,1,20,strong,PATCH,5,15.58313
pic,c,0,1,20,strong,PATCH,6,14.211614
pic,c,1,1,20,strong,PATCH,6,14.814456
pic,rust,0,1,20,strong,PATCH,6,15.251545
pic,rust,1,1,20,strong,PATCH,6,15.742503
pic,c,0,1,20,strong,PATCH,7,14.172976
pic,c,1,1,20,strong,PATCH,7,14.819256
pic,rust,0,1,20,strong,PATCH,7,15.385696
pic,rust,1,1,20,strong,PATCH,7,15.606947
pic,c,0,1,20,strong,PATCH,8,14.208749
pic,c,1,1,20,strong,PATCH,8,14.791733
pic,rust,0,1,20,strong,PATCH,8,15.555131
pic,rust,1,1,20,strong,PATCH,8,15.614843
pic,c,0,1,20,strong,PATCH,9,14.187421
pic,c,1,1,20,strong,PATCH,9,14.79526
pic,rust,0,1,20,strong,PATCH,9,15.62827
pic,rust,1,1,20,strong,PATCH,9,15.561908
pic,c,0,1,20,strong,SINUSOIDAL,0,121.438422
pic,c,1,1,20,strong,SINUSOIDAL,0,130.699198
pic,rust,0,1,20,strong,SINUSOIDAL,0,100.356913
pic,rust,1,1,20,strong,SINUSOIDAL,0,103.53911
pic,c,0,1,20,strong,SINUSOIDAL,1,125.8103
pic,c,1,1,20,strong,SINUSOIDAL,1,130.628586
pic,rust,0,1,20,strong,SINUSOIDAL,1,103.180383
pic,rust,1,1,20,strong,SINUSOIDAL,1,98.045175
pic,c,0,1,20,strong,SINUSOIDAL,2,126.210914
pic,c,1,1,20,strong,SINUSOIDAL,2,127.04365
pic,rust,0,1,20,strong,SINUSOIDAL,2,99.234098
pic,rust,1,1,20,strong,SINUSOIDAL,2,103.41748
pic,c,0,1,20,strong,SINUSOIDAL,3,120.990428
pic,c,1,1,20,strong,SINUSOIDAL,3,126.29399
pic,rust,0,1,20,strong,SINUSOIDAL,3,96.12631
pic,rust,1,1,20,strong,SINUSOIDAL,3,100.360773
pic,c,0,1,20,strong,SINUSOIDAL,4,118.656397
pic,c,1,1,20,strong,SINUSOIDAL,4,130.728848
pic,rust,0,1,20,strong,SINUSOIDAL,4,98.745672
pic,rust,1,1,20,strong,SINUSOIDAL,4,96.723614
pic,c,0,1,20,strong,SINUSOIDAL,5,125.783241
pic,c,1,1,20,strong,SINUSOIDAL,5,124.770383
pic,rust,0,1,20,strong,SINUSOIDAL,5,94.106951
pic,rust,1,1,20,strong,SINUSOIDAL,5,102.118624
pic,c,0,1,20,strong,SINUSOIDAL,6,125.710791
pic,c,1,1,20,strong,SINUSOIDAL,6,127.696676
pic,rust,0,1,20,strong,SINUSOIDAL,6,101.560452
pic,rust,1,1,20,strong,SINUSOIDAL,6,101.870685
pic,c,0,1,20,strong,SINUSOIDAL,7,119.190016
pic,c,1,1,20,strong,SINUSOIDAL,7,130.294438
pic,rust,0,1,20,strong,SINUSOIDAL,7,100.022478
pic,rust,1,1,20,strong,SINUSOIDAL,7,98.991863
pic,c,0,1,20,strong,SINUSOIDAL,8,125.981591
pic,c,1,1,20,strong,SINUSOIDAL,8,130.147105
pic,rust,0,1,20,strong,SINUSOIDAL,8,99.565342
pic,rust,1,1,20,strong,SINUSOIDAL,8,98.921088
pic,c,0,1,20,strong,SINUSOIDAL,9,123.52523
pic,c,1,1,20,strong,SINUSOIDAL,9,125.979821
pic,rust,0,1,20,strong,SINUSOIDAL,9,102.622909
pic,rust,1,1,20,strong,SINUSOIDAL,9,100.144923
pic,c,0,1,20,weak,GEOMETRIC,0,72.693372
pic,c,1,1,20,weak,GEOMETRIC,0,75.370138
pic,rust,0,1,20,weak,GEOMETRIC,0,70.728713
pic,rust,1,1,20,weak,GEOMETRIC,0,69.985921
pic,c,0,1,20,weak,GEOMETRIC,1,71.727176
pic,c,1,1,20,weak,GEOMETRIC,1,75.304464
pic,rust,0,1,20,weak,GEOMETRIC,1,69.88573
pic,rust,1,1,20,weak,GEOMETRIC,1,70.424382
pic,c,0,1,20,weak,GEOMETRIC,2,72.840652
pic,c,1,1,20,weak,GEOMETRIC,2,75.082376
pic,rust,0,1,20,weak,GEOMETRIC,2,69.055131
pic,rust,1,1,20,weak,GEOMETRIC,2,70.114144
pic,c,0,1,20,weak,GEOMETRIC,3,72.086644
pic,c,1,1,20,weak,GEOMETRIC,3,75.291895
pic,rust,0,1,20,weak,GEOMETRIC,3,69.391986
pic,rust,1,1,20,weak,GEOMETRIC,3,69.979124
pic,c,0,1,20,weak,GEOMETRIC,4,69.818944
pic,c,1,1,20,weak,GEOMETRIC,4,75.094789
pic,rust,0,1,20,weak,GEOMETRIC,4,69.858977
pic,rust,1,1,20,weak,GEOMETRIC,4,70.428157
pic,c,0,1,20,weak,GEOMETRIC,5,72.763861
pic,c,1,1,20,weak,GEOMETRIC,5,75.202469
pic,rust,0,1,20,weak,GEOMETRIC,5,69.993367
pic,rust,1,1,20,weak,GEOMETRIC,5,70.135512
pic,c,0,1,20,weak,GEOMETRIC,6,71.808902
pic,c,1,1,20,weak,GEOMETRIC,6,75.24448
pic,rust,0,1,20,weak,GEOMETRIC,6,69.092872
pic,rust,1,1,20,weak,GEOMETRIC,6,69.530629
pic,c,0,1,20,weak,GEOMETRIC,7,71.277974
pic,c,1,1,20,weak,GEOMETRIC,7,74.686983
pic,rust,0,1,20,weak,GEOMETRIC,7,69.312206
pic,rust,1,1,20,weak,GEOMETRIC,7,70.00469
pic,c,0,1,20,weak,GEOMETRIC,8,72.231686
pic,c,1,1,20,weak,GEOMETRIC,8,74.822541
pic,rust,0,1,20,weak,GEOMETRIC,8,69.202463
pic,rust,1,1,20,weak,GEOMETRIC,8,62.852728
pic,c,0,1,20,weak,GEOMETRIC,9,72.813793
pic,c,1,1,20,weak,GEOMETRIC,9,74.67759
pic,rust,0,1,20,weak,GEOMETRIC,9,69.896714
pic,rust,1,1,20,weak,GEOMETRIC,9,71.235645
pic,c,0,1,20,weak,LINEAR,0,212.016212
pic,c,1,1,20,weak,LINEAR,0,219.528656
pic,rust,0,1,20,weak,LINEAR,0,128.085935
pic,rust,1,1,20,weak,LINEAR,0,130.979679
pic,c,0,1,20,weak,LINEAR,1,202.525078
pic,c,1,1,20,weak,LINEAR,1,221.330551
pic,rust,0,1,20,weak,LINEAR,1,131.94641
pic,rust,1,1,20,weak,LINEAR,1,130.510019
pic,c,0,1,20,weak,LINEAR,2,204.72509
pic,c,1,1,20,weak,LINEAR,2,211.965728
pic,rust,0,1,20,weak,LINEAR,2,131.08021
pic,rust,1,1,20,weak,LINEAR,2,131.881621
pic,c,0,1,20,weak,LINEAR,3,202.720354
pic,c,1,1,20,weak,LINEAR,3,213.300667
pic,rust,0,1,20,weak,LINEAR,3,131.630909
pic,rust,1,1,20,weak,LINEAR,3,127.038932
pic,c,0,1,20,weak,LINEAR,4,207.045385
pic,c,1,1,20,weak,LINEAR,4,217.184769
pic,rust,0,1,20,weak,LINEAR,4,131.279133
pic,rust,1,1,20,weak,LINEAR,4,130.8415
pic,c,0,1,20,weak,LINEAR,5,211.757904
pic,c,1,1,20,weak,LINEAR,5,210.587494
pic,rust,0,1,20,weak,LINEAR,5,130.12868
pic,rust,1,1,20,weak,LINEAR,5,128.704326
pic,c,0,1,20,weak,LINEAR,6,201.950663
pic,c,1,1,20,weak,LINEAR,6,216.3653
pic,rust,0,1,20,weak,LINEAR,6,129.944865
pic,rust,1,1,20,weak,LINEAR,6,125.303607
pic,c,0,1,20,weak,LINEAR,7,208.089956
pic,c,1,1,20,weak,LINEAR,7,217.070495
pic,rust,0,1,20,weak,LINEAR,7,130.444182
pic,rust,1,1,20,weak,LINEAR,7,127.6689
pic,c,0,1,20,weak,LINEAR,8,212.415727
pic,c,1,1,20,weak,LINEAR,8,214.153807
pic,rust,0,1,20,weak,LINEAR,8,128.652779
pic,rust,1,1,20,weak,LINEAR,8,132.380024
pic,c,0,1,20,weak,LINEAR,9,212.094797
pic,c,1,1,20,weak,LINEAR,9,213.576754
pic,rust,0,1,20,weak,LINEAR,9,123.423389
pic,rust,1,1,20,weak,LINEAR,9,127.702948
pic,c,0,1,20,weak,PATCH,0,14.196718
pic,c,1,1,20,weak,PATCH,0,14.794924
pic,rust,0,1,20,weak,PATCH,0,15.439031
pic,rust,1,1,20,weak,PATCH,0,15.866611
pic,c,0,1,20,weak,PATCH,1,14.188748
pic,c,1,1,20,weak,PATCH,1,14.789225
pic,rust,0,1,20,weak,PATCH,1,15.681818
pic,rust,1,1,20,weak,PATCH,1,15.900747
pic,c,0,1,20,weak,PATCH,2,14.215842
pic,c,1,1,20,weak,PATCH,2,14.788935
pic,rust,0,1,20,weak,PATCH,2,15.68544
pic,rust,1,1,20,weak,PATCH,2,15.79954
pic,c,0,1,20,weak,PATCH,3,14.175436
pic,c,1,1,20,weak,PATCH,3,14.816596
pic,rust,0,1,20,weak,PATCH,3,15.47383
pic,rust,1,1,20,weak,PATCH,3,15.874711
pic,c,0,1,20,weak,PATCH,4,14.204967
pic,c,1,1,20,weak,PATCH,4,14.786792
pic,rust,0,1,20,weak,PATCH,4,15.588563
pic,rust,1,1,20,weak,PATCH,4,15.762805
pic,c,0,1,20,weak,PATCH,5,14.182626
pic,c,1,1,20,weak,PATCH,5,14.806154
pic,rust,0,1,20,weak,PATCH,5,15.657502
pic,rust,1,1,20,weak,PATCH,5,15.708482
pic,c,0,1,20,weak,PATCH,6,14.206424
pic,c,1,1,20,weak,PATCH,6,14.789269
pic,rust,0,1,20,weak,PATCH,6,15.403547
pic,rust,1,1,20,weak,PATCH,6,15.673765
pic,c,0,1,20,weak,PATCH,7,14.209502
pic,c,1,1,20,weak,PATCH,7,14.777857
pic,rust,0,1,20,weak,PATCH,7,15.678291
pic,rust,1,1,20,weak,PATCH,7,15.779832
pic,c,0,1,20,weak,PATCH,8,14.210758
pic,c,1,1,20,weak,PATCH,8,14.794842
pic,rust,0,1,20,weak,PATCH,8,15.718994
pic,rust,1,1,20,weak,PATCH,8,15.571551
pic,c,0,1,20,weak,PATCH,9,14.201709
pic,c,1,1,20,weak,PATCH,9,14.793902
pic,rust,0,1,20,weak,PATCH,9,15.57138
pic,rust,1,1,20,weak,PATCH,9,15.677801
pic,c,0,1,20,weak,SINUSOIDAL,0,126.925366
pic,c,1,1,20,weak,SINUSOIDAL,0,128.486803
pic,rust,0,1,20,weak,SINUSOIDAL,0,98.571837
pic,rust,1,1,20,weak,SINUSOIDAL,0,102.872963
pic,c,0,1,20,weak,SINUSOIDAL,1,123.967625
pic,c,1,1,20,weak,SINUSOIDAL,1,130.748027
pic,rust,0,1,20,weak,SINUSOIDAL,1,103.175151
pic,rust,1,1,20,weak,SINUSOIDAL,1,98.635929
pic,c,0,1,20,weak,SINUSOIDAL,2,126.371853
pic,c,1,1,20,weak,SINUSOIDAL,2,129.716688
pic,rust,0,1,20,weak,SINUSOIDAL,2,101.445673
pic,rust,1,1,20,weak,SINUSOIDAL,2,98.898492
pic,c,0,1,20,weak,SINUSOIDAL,3,126.541821
pic,c,1,1,20,weak,SINUSOIDAL,3,131.041554
pic,rust,0,1,20,weak,SINUSOIDAL,3,99.890711
pic,rust,1,1,20,weak,SINUSOIDAL,3,102.038471
pic,c,0,1,20,weak,SINUSOIDAL,4,124.027363
pic,c,1,1,20,weak,SINUSOIDAL,4,131.52466
pic,rust,0,1,20,weak,SINUSOIDAL,4,102.52164
pic,rust,1,1,20,weak,SINUSOIDAL,4,102.425466
pic,c,0,1,20,weak,SINUSOIDAL,5,123.548913
pic,c,1,1,20,weak,SINUSOIDAL,5,131.171229
pic,rust,0,1,20,weak,SINUSOIDAL,5,101.832898
pic,rust,1,1,20,weak,SINUSOIDAL,5,101.654096
pic,c,0,1,20,weak,SINUSOIDAL,6,126.441095
pic,c,1,1,20,weak,SINUSOIDAL,6,131.515677
pic,rust,0,1,20,weak,SINUSOIDAL,6,100.970173
pic,rust,1,1,20,weak,SINUSOIDAL,6,99.859215
pic,c,0,1,20,weak,SINUSOIDAL,7,126.788522
pic,c,1,1,20,weak,SINUSOIDAL,7,130.560353
pic,rust,0,1,20,weak,SINUSOIDAL,7,102.556284
pic,rust,1,1,20,weak,SINUSOIDAL,7,103.486132
pic,c,0,1,20,weak,SINUSOIDAL,8,126.341777
pic,c,1,1,20,weak,SINUSOIDAL,8,129.9619
pic,rust,0,1,20,weak,SINUSOIDAL,8,101.009865
pic,rust,1,1,20,weak,SINUSOIDAL,8,102.684009
pic,c,0,1,20,weak,SINUSOIDAL,9,126.212286
pic,c,1,1,20,weak,SINUSOIDAL,9,131.32521
pic,rust,0,1,20,weak,SINUSOIDAL,9,102.899496
pic,rust,1,1,20,weak,SINUSOIDAL,9,103.01596
pic,c,0,2,40,strong,GEOMETRIC,0,122.748616
pic,c,1,2,40,strong,GEOMETRIC,0,123.520206
pic,rust,0,2,40,strong,GEOMETRIC,0,118.095796
pic,rust,1,2,40,strong,GEOMETRIC,0,121.656586
pic,c,0,2,40,strong,GEOMETRIC,1,122.79139
pic,c,1,2,40,strong,GEOMETRIC,1,123.256382
pic,rust,0,2,40,strong,GEOMETRIC,1,116.895961
pic,rust,1,2,40,strong,GEOMETRIC,1,112.678508
pic,c,0,2,40,strong,GEOMETRIC,2,122.717696
pic,c,1,2,40,strong,GEOMETRIC,2,124.541985
pic,rust,0,2,40,strong,GEOMETRIC,2,115.614309
pic,rust,1,2,40,strong,GEOMETRIC,2,124.274715
pic,c,0,2,40,strong,GEOMETRIC,3,122.662542
pic,c,1,2,40,strong,GEOMETRIC,3,113.912477
pic,rust,0,2,40,strong,GEOMETRIC,3,120.570926
pic,rust,1,2,40,strong,GEOMETRIC,3,123.1807
pic,c,0,2,40,strong,GEOMETRIC,4,122.536913
pic,c,1,2,40,strong,GEOMETRIC,4,126.160078
pic,rust,0,2,40,strong,GEOMETRIC,4,123.776007
pic,rust,1,2,40,strong,GEOMETRIC,4,122.837505
pic,c,0,2,40,strong,GEOMETRIC,5,117.269253
pic,c,1,2,40,strong,GEOMETRIC,5,126.952484
pic,rust,0,2,40,strong,GEOMETRIC,5,112.063297
pic,rust,1,2,40,strong,GEOMETRIC,5,124.075803
pic,c,0,2,40,strong,GEOMETRIC,6,122.655933
pic,c,1,2,40,strong,GEOMETRIC,6,126.379064
pic,rust,0,2,40,strong,GEOMETRIC,6,118.311481
pic,rust,1,2,40,strong,GEOMETRIC,6,122.740261
pic,c,0,2,40,strong,GEOMETRIC,7,122.270816
pic,c,1,2,40,strong,GEOMETRIC,7,114.420876
pic,rust,0,2,40,strong,GEOMETRIC,7,121.114504
pic,rust,1,2,40,strong,GEOMETRIC,7,122.712003
pic,c,0,2,40,strong,GEOMETRIC,8,117.350946
pic,c,1,2,40,strong,GEOMETRIC,8,113.449866
pic,rust,0,2,40,strong,GEOMETRIC,8,121.251249
pic,rust,1,2,40,strong,GEOMETRIC,8,117.620039
pic,c,0,2,40,strong,GEOMETRIC,9,122.70751
pic,c,1,2,40,strong,GEOMETRIC,9,126.713622
pic,rust,0,2,40,strong,GEOMETRIC,9,110.222176
pic,rust,1,2,40,strong,GEOMETRIC,9,120.878661
pic,c,0,2,40,strong,LINEAR,0,341.713763
pic,c,1,2,40,strong,LINEAR,0,382.584619
pic,rust,0,2,40,strong,LINEAR,0,276.423452
pic,rust,1,2,40,strong,LINEAR,0,286.986397
pic,c,0,2,40,strong,LINEAR,1,358.706331
pic,c,1,2,40,strong,LINEAR,1,383.013142
pic,rust,0,2,40,strong,LINEAR,1,271.08614
pic,rust,1,2,40,strong,LINEAR,1,280.289695
pic,c,0,2,40,strong,LINEAR,2,334.93873
pic,c,1,2,40,strong,LINEAR,2,365.791569
pic,rust,0,2,40,strong,LINEAR,2,318.267368
pic,rust,1,2,40,strong,LINEAR,2,301.991883
pic,c,0,2,40,strong,LINEAR,3,340.772318
pic,c,1,2,40,strong,LINEAR,3,340.360154
pic,rust,0,2,40,strong,LINEAR,3,273.572838
pic,rust,1,2,40,strong,LINEAR,3,316.843437
pic,c,0,2,40,strong,LINEAR,4,333.678122
pic,c,1,2,40,strong,LINEAR,4,381.35698
pic,rust,0,2,40,strong,LINEAR,4,301.074772
pic,rust,1,2,40,strong,LINEAR,4,309.976095
pic,c,0,2,40,strong,LINEAR,5,334.835248
pic,c,1,2,40,strong,LINEAR,5,343.654982
pic,rust,0,2,40,strong,LINEAR,5,258.88978
pic,rust,1,2,40,strong,LINEAR,5,284.788378
pic,c,0,2,40,strong,LINEAR,6,383.983561
pic,c,1,2,40,strong,LINEAR,6,341.760861
pic,rust,0,2,40,strong,LINEAR,6,279.725251
pic,rust,1,2,40,strong,LINEAR,6,267.84359
pic,c,0,2,40,strong,LINEAR,7,336.757066
pic,c,1,2,40,strong,LINEAR,7,350.441864
pic,rust,0,2,40,strong,LINEAR,7,272.028976
pic,rust,1,2,40,strong,LINEAR,7,244.433315
pic,c,0,2,40,strong,LINEAR,8,384.264578
pic,c,1,2,40,strong,LINEAR,8,348.848437
pic,rust,0,2,40,strong,LINEAR,8,282.243414
pic,rust,1,2,40,strong,LINEAR,8,284.790823
pic,c,0,2,40,strong,LINEAR,9,331.826522
pic,c,1,2,40,strong,LINEAR,9,376.030943
pic,rust,0,2,40,strong,LINEAR,9,122.593688
pic,rust,1,2,40,strong,LINEAR,9,206.31088
pic,c,0,2,40,strong,PATCH,0,20.804887
pic,c,1,2,40,strong,PATCH,0,21.673678
pic,rust,0,2,40,strong,PATCH,0,22.7455
pic,rust,1,2,40,strong,PATCH,0,22.822954
pic,c,0,2,40,strong,PATCH,1,20.751197
pic,c,1,2,40,strong,PATCH,1,21.611793
pic,rust,0,2,40,strong,PATCH,1,22.770812
pic,rust,1,2,40,strong,PATCH,1,22.379453
pic,c,0,2,40,strong,PATCH,2,20.780164
pic,c,1,2,40,strong,PATCH,2,21.688517
pic,rust,0,2,40,strong,PATCH,2,22.60266
pic,rust,1,2,40,strong,PATCH,2,22.853993
pic,c,0,2,40,strong,PATCH,3,20.817539
pic,c,1,2,40,strong,PATCH,3,21.643545
pic,rust,0,2,40,strong,PATCH,3,22.644592
pic,rust,1,2,40,strong,PATCH,3,22.960713
pic,c,0,2,40,strong,PATCH,4,20.754357
pic,c,1,2,40,strong,PATCH,4,21.654527
pic,rust,0,2,40,strong,PATCH,4,22.662735
pic,rust,1,2,40,strong,PATCH,4,22.918232
pic,c,0,2,40,strong,PATCH,5,20.837247
pic,c,1,2,40,strong,PATCH,5,21.656558
pic,rust,0,2,40,strong,PATCH,5,22.75271
pic,rust,1,2,40,strong,PATCH,5,22.934314
pic,c,0,2,40,strong,PATCH,6,20.814259
pic,c,1,2,40,strong,PATCH,6,21.564498
pic,rust,0,2,40,strong,PATCH,6,22.75831
pic,rust,1,2,40,strong,PATCH,6,22.924475
pic,c,0,2,40,strong,PATCH,7,20.803414
pic,c,1,2,40,strong,PATCH,7,21.64206
pic,rust,0,2,40,strong,PATCH,7,22.7878
pic,rust,1,2,40,strong,PATCH,7,22.956052
pic,c,0,2,40,strong,PATCH,8,20.80445
pic,c,1,2,40,strong,PATCH,8,21.672832
pic,rust,0,2,40,strong,PATCH,8,22.736944
pic,rust,1,2,40,strong,PATCH,8,22.863745
pic,c,0,2,40,strong,PATCH,9,20.806763
pic,c,1,2,40,strong,PATCH,9,21.628822
pic,rust,0,2,40,strong,PATCH,9,22.686531
pic,rust,1,2,40,strong,PATCH,9,22.909418
pic,c,0,2,40,strong,SINUSOIDAL,0,220.44563
pic,c,1,2,40,strong,SINUSOIDAL,0,242.514605
pic,rust,0,2,40,strong,SINUSOIDAL,0,206.746946
pic,rust,1,2,40,strong,SINUSOIDAL,0,171.421205
pic,c,0,2,40,strong,SINUSOIDAL,1,231.325844
pic,c,1,2,40,strong,SINUSOIDAL,1,259.228825
pic,rust,0,2,40,strong,SINUSOIDAL,1,178.808103
pic,rust,1,2,40,strong,SINUSOIDAL,1,199.221169
pic,c,0,2,40,strong,SINUSOIDAL,2,248.065271
pic,c,1,2,40,strong,SINUSOIDAL,2,257.794194
pic,rust,0,2,40,strong,SINUSOIDAL,2,188.825128
pic,rust,1,2,40,strong,SINUSOIDAL,2,177.493158
pic,c,0,2,40,strong,SINUSOIDAL,3,224.878853
pic,c,1,2,40,strong,SINUSOIDAL,3,256.369569
pic,rust,0,2,40,strong,SINUSOIDAL,3,186.103719
pic,rust,1,2,40,strong,SINUSOIDAL,3,191.996718
pic,c,0,2,40,strong,SINUSOIDAL,4,243.438033
pic,c,1,2,40,strong,SINUSOIDAL,4,252.557839
pic,rust,0,2,40,strong,SINUSOIDAL,4,197.650848
pic,rust,1,2,40,strong,SINUSOIDAL,4,191.101687
pic,c,0,2,40,strong,SINUSOIDAL,5,223.962299
pic,c,1,2,40,strong,SINUSOIDAL,5,256.476726
pic,rust,0,2,40,strong,SINUSOIDAL,5,166.779538
pic,rust,1,2,40,strong,SINUSOIDAL,5,188.62298
pic,c,0,2,40,strong,SINUSOIDAL,6,231.375478
pic,c,1,2,40,strong,SINUSOIDAL,6,237.667274
pic,rust,0,2,40,strong,SINUSOIDAL,6,204.921801
pic,rust,1,2,40,strong,SINUSOIDAL,6,197.47841
pic,c,0,2,40,strong,SINUSOIDAL,7,247.615469
pic,c,1,2,40,strong,SINUSOIDAL,7,239.679178
pic,rust,0,2,40,strong,SINUSOIDAL,7,193.692344
pic,rust,1,2,40,strong,SINUSOIDAL,7,192.57548
pic,c,0,2,40,strong,SINUSOIDAL,8,235.481584
pic,c,1,2,40,strong,SINUSOIDAL,8,237.791883
pic,rust,0,2,40,strong,SINUSOIDAL,8,204.563356
pic,rust,1,2,40,strong,SINUSOIDAL,8,189.52024
pic,c,0,2,40,strong,SINUSOIDAL,9,248.72822
pic,c,1,2,40,strong,SINUSOIDAL,9,257.061808
pic,rust,0,2,40,strong,SINUSOIDAL,9,202.358522
pic,rust,1,2,40,strong,SINUSOIDAL,9,193.446592
pic,c,0,2,40,weak,GEOMETRIC,0,122.542243
pic,c,1,2,40,weak,GEOMETRIC,0,127.764702
pic,rust,0,2,40,weak,GEOMETRIC,0,123.656698
pic,rust,1,2,40,weak,GEOMETRIC,0,124.407438
pic,c,0,2,40,weak,GEOMETRIC,1,119.813141
pic,c,1,2,40,weak,GEOMETRIC,1,127.737043
pic,rust,0,2,40,weak,GEOMETRIC,1,123.7778
pic,rust,1,2,40,weak,GEOMETRIC,1,126.367814
pic,c,0,2,40,weak,GEOMETRIC,2,123.592312
pic,c,1,2,40,weak,GEOMETRIC,2,127.894024
pic,rust,0,2,40,weak,GEOMETRIC,2,123.297628
pic,rust,1,2,40,weak,GEOMETRIC,2,126.497319
pic,c,0,2,40,weak,GEOMETRIC,3,123.528515
pic,c,1,2,40,weak,GEOMETRIC,3,126.623208
pic,rust,0,2,40,weak,GEOMETRIC,3,119.025408
pic,rust,1,2,40,weak,GEOMETRIC,3,126.398546
pic,c,0,2,40,weak,GEOMETRIC,4,123.251887
pic,c,1,2,40,weak,GEOMETRIC,4,124.883824
pic,rust,0,2,40,weak,GEOMETRIC,4,121.807341
pic,rust,1,2,40,weak,GEOMETRIC,4,126.623786
pic,c,0,2,40,weak,GEOMETRIC,5,122.208744
pic,c,1,2,40,weak,GEOMETRIC,5,126.105086
pic,rust,0,2,40,weak,GEOMETRIC,5,123.551102
pic,rust,1,2,40,weak,GEOMETRIC,5,122.721404
pic,c,0,2,40,weak,GEOMETRIC,6,123.615473
pic,c,1,2,40,weak,GEOMETRIC,6,125.503178
pic,rust,0,2,40,weak,GEOMETRIC,6,124.132824
pic,rust,1,2,40,weak,GEOMETRIC,6,124.866984
pic,c,0,2,40,weak,GEOMETRIC,7,123.533465
pic,c,1,2,40,weak,GEOMETRIC,7,126.709512
pic,rust,0,2,40,weak,GEOMETRIC,7,107.04903
pic,rust,1,2,40,weak,GEOMETRIC,7,125.319992
pic,c,0,2,40,weak,GEOMETRIC,8,123.514324
pic,c,1,2,40,weak,GEOMETRIC,8,127.734705
pic,rust,0,2,40,weak,GEOMETRIC,8,123.95664
pic,rust,1,2,40,weak,GEOMETRIC,8,123.988286
pic,c,0,2,40,weak,GEOMETRIC,9,123.502588
pic,c,1,2,40,weak,GEOMETRIC,9,127.965597
pic,rust,0,2,40,weak,GEOMETRIC,9,122.66809
pic,rust,1,2,40,weak,GEOMETRIC,9,126.729684
pic,c,0,2,40,weak,LINEAR,0,391.776524
pic,c,1,2,40,weak,LINEAR,0,400.530288
pic,rust,0,2,40,weak,LINEAR,0,256.008978
pic,rust,1,2,40,weak,LINEAR,0,257.565995
pic,c,0,2,40,weak,LINEAR,1,386.395807
pic,c,1,2,40,weak,LINEAR,1,401.499601
pic,rust,0,2,40,weak,LINEAR,1,256.250529
pic,rust,1,2,40,weak,LINEAR,1,257.615947
pic,c,0,2,40,weak,LINEAR,2,390.152356
pic,c,1,2,40,weak,LINEAR,2,401.040204
pic,rust,0,2,40,weak,LINEAR,2,260.310368
pic,rust,1,2,40,weak,LINEAR,2,261.335406
pic,c,0,2,40,weak,LINEAR,3,389.59345
pic,c,1,2,40,weak,LINEAR,3,387.154479
pic,rust,0,2,40,weak,LINEAR,3,258.23426
pic,rust,1,2,40,weak,LINEAR,3,254.620957
pic,c,0,2,40,weak,LINEAR,4,386.939292
pic,c,1,2,40,weak,LINEAR,4,407.056433
pic,rust,0,2,40,weak,LINEAR,4,256.236294
pic,rust,1,2,40,weak,LINEAR,4,259.670896
pic,c,0,2,40,weak,LINEAR,5,385.274247
pic,c,1,2,40,weak,LINEAR,5,399.558765
pic,rust,0,2,40,weak,LINEAR,5,255.315034
pic,rust,1,2,40,weak,LINEAR,5,259.964859
pic,c,0,2,40,weak,LINEAR,6,396.14333
pic,c,1,2,40,weak,LINEAR,6,404.573945
pic,rust,0,2,40,weak,LINEAR,6,236.379949
pic,rust,1,2,40,weak,LINEAR,6,259.227446
pic,c,0,2,40,weak,LINEAR,7,395.732846
pic,c,1,2,40,weak,LINEAR,7,400.900437
pic,rust,0,2,40,weak,LINEAR,7,255.133939
pic,rust,1,2,40,weak,LINEAR,7,256.038174
pic,c,0,2,40,weak,LINEAR,8,370.72389
pic,c,1,2,40,weak,LINEAR,8,418.851431
pic,rust,0,2,40,weak,LINEAR,8,254.938674
pic,rust,1,2,40,weak,LINEAR,8,260.607646
pic,c,0,2,40,weak,LINEAR,9,397.091685
pic,c,1,2,40,weak,LINEAR,9,415.716384
pic,rust,0,2,40,weak,LINEAR,9,256.720636
pic,rust,1,2,40,weak,LINEAR,9,253.617559
pic,c,0,2,40,weak,PATCH,0,20.851938
pic,c,1,2,40,weak,PATCH,0,21.673235
pic,rust,0,2,40,weak,PATCH,0,22.894613
pic,rust,1,2,40,weak,PATCH,0,23.141468
pic,c,0,2,40,weak,PATCH,1,20.86275
pic,c,1,2,40,weak,PATCH,1,21.640044
pic,rust,0,2,40,weak,PATCH,1,22.926346
pic,rust,1,2,40,weak,PATCH,1,22.921962
pic,c,0,2,40,weak,PATCH,2,20.857148
pic,c,1,2,40,weak,PATCH,2,21.715844
pic,rust,0,2,40,weak,PATCH,2,22.889504
pic,rust,1,2,40,weak,PATCH,2,23.120609
pic,c,0,2,40,weak,PATCH,3,20.826789
pic,c,1,2,40,weak,PATCH,3,21.714563
pic,rust,0,2,40,weak,PATCH,3,22.913192
pic,rust,1,2,40,weak,PATCH,3,23.09859
pic,c,0,2,40,weak,PATCH,4,20.829389
pic,c,1,2,40,weak,PATCH,4,21.718207
pic,rust,0,2,40,weak,PATCH,4,22.924398
pic,rust,1,2,40,weak,PATCH,4,22.964351
pic,c,0,2,40,weak,PATCH,5,20.852192
pic,c,1,2,40,weak,PATCH,5,21.709148
pic,rust,0,2,40,weak,PATCH,5,22.890018
pic,rust,1,2,40,weak,PATCH,5,23.128656
pic,c,0,2,40,weak,PATCH,6,20.853138
pic,c,1,2,40,weak,PATCH,6,21.736001
pic,rust,0,2,40,weak,PATCH,6,22.843002
pic,rust,1,2,40,weak,PATCH,6,23.142535
pic,c,0,2,40,weak,PATCH,7,20.845638
pic,c,1,2,40,weak,PATCH,7,21.694356
pic,rust,0,2,40,weak,PATCH,7,22.874711
pic,rust,1,2,40,weak,PATCH,7,23.083195
pic,c,0,2,40,weak,PATCH,8,20.820607
pic,c,1,2,40,weak,PATCH,8,21.744879
pic,rust,0,2,40,weak,PATCH,8,22.921831
pic,rust,1,2,40,weak,PATCH,8,23.12634
pic,c,0,2,40,weak,PATCH,9,20.864453
pic,c,1,2,40,weak,PATCH,9,21.696278
pic,rust,0,2,40,weak,PATCH,9,22.938919
pic,rust,1,2,40,weak,PATCH,9,23.124413
pic,c,0,2,40,weak,SINUSOIDAL,0,239.17532
pic,c,1,2,40,weak,SINUSOIDAL,0,249.97976
pic,rust,0,2,40,weak,SINUSOIDAL,0,198.06003
pic,rust,1,2,40,weak,SINUSOIDAL,0,201.898259
pic,c,0,2,40,weak,SINUSOIDAL,1,246.335021
pic,c,1,2,40,weak,SINUSOIDAL,1,247.294096
pic,rust,0,2,40,weak,SINUSOIDAL,1,195.900667
pic,rust,1,2,40,weak,SINUSOIDAL,1,199.466638
pic,c,0,2,40,weak,SINUSOIDAL,2,239.177053
pic,c,1,2,40,weak,SINUSOIDAL,2,252.881409
pic,rust,0,2,40,weak,SINUSOIDAL,2,200.80533
pic,rust,1,2,40,weak,SINUSOIDAL,2,200.109146
pic,c,0,2,40,weak,SINUSOIDAL,3,240.482881
pic,c,1,2,40,weak,SINUSOIDAL,3,249.011269
pic,rust,0,2,40,weak,SINUSOIDAL,3,192.869054
pic,rust,1,2,40,weak,SINUSOIDAL,3,200.791571
pic,c,0,2,40,weak,SINUSOIDAL,4,241.243492
pic,c,1,2,40,weak,SINUSOIDAL,4,248.536921
pic,rust,0,2,40,weak,SINUSOIDAL,4,198.886169
pic,rust,1,2,40,weak,SINUSOIDAL,4,201.164525
pic,c,0,2,40,weak,SINUSOIDAL,5,246.654807
pic,c,1,2,40,weak,SINUSOIDAL,5,248.48583
pic,rust,0,2,40,weak,SINUSOIDAL,5,198.006253
pic,rust,1,2,40,weak,SINUSOIDAL,5,201.308235
pic,c,0,2,40,weak,SINUSOIDAL,6,236.3379
pic,c,1,2,40,weak,SINUSOIDAL,6,255.306719
pic,rust,0,2,40,weak,SINUSOIDAL,6,196.26398
pic,rust,1,2,40,weak,SINUSOIDAL,6,201.335379
pic,c,0,2,40,weak,SINUSOIDAL,7,240.220771
pic,c,1,2,40,weak,SINUSOIDAL,7,250.418054
pic,rust,0,2,40,weak,SINUSOIDAL,7,197.080454
pic,rust,1,2,40,weak,SINUSOIDAL,7,201.832892
pic,c,0,2,40,weak,SINUSOIDAL,8,239.662149
pic,c,1,2,40,weak,SINUSOIDAL,8,213.054162
pic,rust,0,2,40,weak,SINUSOIDAL,8,197.931855
pic,rust,1,2,40,weak,SINUSOIDAL,8,200.263565
pic,c,0,2,40,weak,SINUSOIDAL,9,247.162699
pic,c,1,2,40,weak,SINUSOIDAL,9,252.52095
pic,rust,0,2,40,weak,SINUSOIDAL,9,174.974155
pic,rust,1,2,40,weak,SINUSOIDAL,9,196.030306
pic,c,0,4,80,strong,GEOMETRIC,0,168.833301
pic,c,1,4,80,strong,GEOMETRIC,0,177.604267
pic,rust,0,4,80,strong,GEOMETRIC,0,169.207554
pic,rust,1,4,80,strong,GEOMETRIC,0,165.898339
pic,c,0,4,80,strong,GEOMETRIC,1,174.200934
pic,c,1,4,80,strong,GEOMETRIC,1,174.970424
pic,rust,0,4,80,strong,GEOMETRIC,1,164.386818
pic,rust,1,4,80,strong,GEOMETRIC,1,175.620577
pic,c,0,4,80,strong,GEOMETRIC,2,179.841324
pic,c,1,4,80,strong,GEOMETRIC,2,185.175828
pic,rust,0,4,80,strong,GEOMETRIC,2,168.899902
pic,rust,1,4,80,strong,GEOMETRIC,2,175.371665
pic,c,0,4,80,strong,GEOMETRIC,3,169.318335
pic,c,1,4,80,strong,GEOMETRIC,3,175.883373
pic,rust,0,4,80,strong,GEOMETRIC,3,144.076109
pic,rust,1,4,80,strong,GEOMETRIC,3,152.642923
pic,c,0,4,80,strong,GEOMETRIC,4,167.847807
pic,c,1,4,80,strong,GEOMETRIC,4,163.204837
pic,rust,0,4,80,strong,GEOMETRIC,4,166.565721
pic,rust,1,4,80,strong,GEOMETRIC,4,175.931425
pic,c,0,4,80,strong,GEOMETRIC,5,168.207594
pic,c,1,4,80,strong,GEOMETRIC,5,177.136703
pic,rust,0,4,80,strong,GEOMETRIC,5,177.285941
pic,rust,1,4,80,strong,GEOMETRIC,5,178.259279
pic,c,0,4,80,strong,GEOMETRIC,6,169.748903
pic,c,1,4,80,strong,GEOMETRIC,6,188.16831
pic,rust,0,4,80,strong,GEOMETRIC,6,172.219128
pic,rust,1,4,80,strong,GEOMETRIC,6,171.460293
pic,c,0,4,80,strong,GEOMETRIC,7,168.827594
pic,c,1,4,80,strong,GEOMETRIC,7,176.960372
pic,rust,0,4,80,strong,GEOMETRIC,7,177.291531
pic,rust,1,4,80,strong,GEOMETRIC,7,173.122768
pic,c,0,4,80,strong,GEOMETRIC,8,171.818103
pic,c,1,4,80,strong,GEOMETRIC,8,180.811352
pic,rust,0,4,80,strong,GEOMETRIC,8,173.097534
pic,rust,1,4,80,strong,GEOMETRIC,8,165.387411
pic,c,0,4,80,strong,GEOMETRIC,9,168.661106
pic,c,1,4,80,strong,GEOMETRIC,9,163.585225
pic,rust,0,4,80,strong,GEOMETRIC,9,160.450413
pic,rust,1,4,80,strong,GEOMETRIC,9,186.428833
pic,c,0,4,80,strong,LINEAR,0,589.401245
pic,c,1,4,80,strong,LINEAR,0,686.821066
pic,rust,0,4,80,strong,LINEAR,0,432.339302
pic,rust,1,4,80,strong,LINEAR,0,591.749509
pic,c,0,4,80,strong,LINEAR,1,660.50939
pic,c,1,4,80,strong,LINEAR,1,639.497844
pic,rust,0,4,80,strong,LINEAR,1,433.158969
pic,rust,1,4,80,strong,LINEAR,1,486.503971
pic,c,0,4,80,strong,LINEAR,2,586.065892
pic,c,1,4,80,strong,LINEAR,2,655.182266
pic,rust,0,4,80,strong,LINEAR,2,458.809531
pic,rust,1,4,80,strong,LINEAR,2,420.966275
pic,c,0,4,80,strong,LINEAR,3,564.15414
pic,c,1,4,80,strong,LINEAR,3,604.38571
pic,rust,0,4,80,strong,LINEAR,3,541.762275
pic,rust,1,4,80,strong,LINEAR,3,368.333206
pic,c,0,4,80,strong,LINEAR,4,573.544036
pic,c,1,4,80,strong,LINEAR,4,643.611066
pic,rust,0,4,80,strong,LINEAR,4,521.7562
pic,rust,1,4,80,strong,LINEAR,4,404.556676
pic,c,0,4,80,strong,LINEAR,5,551.746857
pic,c,1,4,80,strong,LINEAR,5,624.471043
pic,rust,0,4,80,strong,LINEAR,5,520.337225
pic,rust,1,4,80,strong,LINEAR,5,550.357215
pic,c,0,4,80,strong,LINEAR,6,557.55839
pic,c,1,4,80,strong,LINEAR,6,617.001881
pic,rust,0,4,80,strong,LINEAR,6,395.344117
pic,rust,1,4,80,strong,LINEAR,6,477.776187
pic,c,0,4,80,strong,LINEAR,7,596.019839
pic,c,1,4,80,strong,LINEAR,7,653.728954
pic,rust,0,4,80,strong,LINEAR,7,587.503218
pic,rust,1,4,80,strong,LINEAR,7,396.860568
pic,c,0,4,80,strong,LINEAR,8,577.187838
pic,c,1,4,80,strong,LINEAR,8,636.358114
pic,rust,0,4,80,strong,LINEAR,8,409.360958
pic,rust,1,4,80,strong,LINEAR,8,482.795759
pic,c,0,4,80,strong,LINEAR,9,594.195259
pic,c,1,4,80,strong,LINEAR,9,663.75396
pic,rust,0,4,80,strong,LINEAR,9,479.365651
pic,rust,1,4,80,strong,LINEAR,9,380.573926
pic,c,0,4,80,strong,PATCH,0,19.89967
pic,c,1,4,80,strong,PATCH,0,20.726545
pic,rust,0,4,80,strong,PATCH,0,21.529015
pic,rust,1,4,80,strong,PATCH,0,21.819412
pic,c,0,4,80,strong,PATCH,1,19.946558
pic,c,1,4,80,strong,PATCH,1,20.738249
pic,rust,0,4,80,strong,PATCH,1,21.596266
pic,rust,1,4,80,strong,PATCH,1,21.660319
pic,c,0,4,80,strong,PATCH,2,19.908529
pic,c,1,4,80,strong,PATCH,2,20.741393
pic,rust,0,4,80,strong,PATCH,2,21.429321
pic,rust,1,4,80,strong,PATCH,2,21.248667
pic,c,0,4,80,strong,PATCH,3,19.935274
pic,c,1,4,80,strong,PATCH,3,20.742486
pic,rust,0,4,80,strong,PATCH,3,21.434231
pic,rust,1,4,80,strong,PATCH,3,21.844426
pic,c,0,4,80,strong,PATCH,4,19.939274
pic,c,1,4,80,strong,PATCH,4,20.723699
pic,rust,0,4,80,strong,PATCH,4,21.133908
pic,rust,1,4,80,strong,PATCH,4,21.726201
pic,c,0,4,80,strong,PATCH,5,19.952535
pic,c,1,4,80,strong,PATCH,5,20.694814
pic,rust,0,4,80,strong,PATCH,5,21.599411
pic,rust,1,4,80,strong,PATCH,5,21.827551
pic,c,0,4,80,strong,PATCH,6,19.915097
pic,c,1,4,80,strong,PATCH,6,20.759991
pic,rust,0,4,80,strong,PATCH,6,21.483083
pic,rust,1,4,80,strong,PATCH,6,21.807025
pic,c,0,4,80,strong,PATCH,7,19.891169
pic,c,1,4,80,strong,PATCH,7,20.727893
pic,rust,0,4,80,strong,PATCH,7,21.233258
pic,rust,1,4,80,strong,PATCH,7,21.672562
pic,c,0,4,80,strong,PATCH,8,19.928557
pic,c,1,4,80,strong,PATCH,8,20.715622
pic,rust,0,4,80,strong,PATCH,8,21.339206
pic,rust,1,4,80,strong,PATCH,8,21.719168
pic,c,0,4,80,strong,PATCH,9,19.858575
pic,c,1,4,80,strong,PATCH,9,20.783545
pic,rust,0,4,80,strong,PATCH,9,21.007993
pic,rust,1,4,80,strong,PATCH,9,21.654613
pic,c,0,4,80,strong,SINUSOIDAL,0,421.373619
pic,c,1,4,80,strong,SINUSOIDAL,0,394.937409
pic,rust,0,4,80,strong,SINUSOIDAL,0,332.244413
pic,rust,1,4,80,strong,SINUSOIDAL,0,362.857989
pic,c,0,4,80,strong,SINUSOIDAL,1,382.684856
pic,c,1,4,80,strong,SINUSOIDAL,1,416.873384
pic,rust,0,4,80,strong,SINUSOIDAL,1,294.52031
pic,rust,1,4,80,strong,SINUSOIDAL,1,293.50021
pic,c,0,4,80,strong,SINUSOIDAL,2,342.225516
pic,c,1,4,80,strong,SINUSOIDAL,2,370.292016
pic,rust,0,4,80,strong,SINUSOIDAL,2,346.148152
pic,rust,1,4,80,strong,SINUSOIDAL,2,306.364062
pic,c,0,4,80,strong,SINUSOIDAL,3,436.427187
pic,c,1,4,80,strong,SINUSOIDAL,3,379.333636
pic,rust,0,4,80,strong,SINUSOIDAL,3,338.214588
pic,rust,1,4,80,strong,SINUSOIDAL,3,350.881568
pic,c,0,4,80,strong,SINUSOIDAL,4,391.093366
pic,c,1,4,80,strong,SINUSOIDAL,4,407.155185
pic,rust,0,4,80,strong,SINUSOIDAL,4,305.632769
pic,rust,1,4,80,strong,SINUSOIDAL,4,338.174292
pic,c,0,4,80,strong,SINUSOIDAL,5,387.31991
pic,c,1,4,80,strong,SINUSOIDAL,5,398.185071
pic,rust,0,4,80,strong,SINUSOIDAL,5,298.045162
pic,rust,1,4,80,strong,SINUSOIDAL,5,336.821731
pic,c,0,4,80,strong,SINUSOIDAL,6,337.622932
pic,c,1,4,80,strong,SINUSOIDAL,6,388.6221
pic,rust,0,4,80,strong,SINUSOIDAL,6,340.849737
pic,rust,1,4,80,strong,SINUSOIDAL,6,361.576232
pic,c,0,4,80,strong,SINUSOIDAL,7,411.675619
pic,c,1,4,80,strong,SINUSOIDAL,7,443.270419
pic,rust,0,4,80,strong,SINUSOIDAL,7,396.203114
pic,rust,1,4,80,strong,SINUSOIDAL,7,317.164456
pic,c,0,4,80,strong,SINUSOIDAL,8,352.461068
pic,c,1,4,80,strong,SINUSOIDAL,8,390.73401
pic,rust,0,4,80,strong,SINUSOIDAL,8,297.582182
pic,rust,1,4,80,strong,SINUSOIDAL,8,349.740917
pic,c,0,4,80,strong,SINUSOIDAL,9,383.280291
pic,c,1,4,80,strong,SINUSOIDAL,9,374.30987
pic,rust,0,4,80,strong,SINUSOIDAL,9,327.127383
pic,rust,1,4,80,strong,SINUSOIDAL,9,355.489145
pic,c,0,4,80,weak,GEOMETRIC,0,182.621615
pic,c,1,4,80,weak,GEOMETRIC,0,188.699181
pic,rust,0,4,80,weak,GEOMETRIC,0,185.787243
pic,rust,1,4,80,weak,GEOMETRIC,0,190.138144
pic,c,0,4,80,weak,GEOMETRIC,1,181.339542
pic,c,1,4,80,weak,GEOMETRIC,1,187.324074
pic,rust,0,4,80,weak,GEOMETRIC,1,188.725426
pic,rust,1,4,80,weak,GEOMETRIC,1,192.423885
pic,c,0,4,80,weak,GEOMETRIC,2,180.449539
pic,c,1,4,80,weak,GEOMETRIC,2,188.995208
pic,rust,0,4,80,weak,GEOMETRIC,2,189.245594
pic,rust,1,4,80,weak,GEOMETRIC,2,189.89399
pic,c,0,4,80,weak,GEOMETRIC,3,180.26256
pic,c,1,4,80,weak,GEOMETRIC,3,188.629581
pic,rust,0,4,80,weak,GEOMETRIC,3,184.403039
pic,rust,1,4,80,weak,GEOMETRIC,3,190.040311
pic,c,0,4,80,weak,GEOMETRIC,4,182.40596
pic,c,1,4,80,weak,GEOMETRIC,4,184.947015
pic,rust,0,4,80,weak,GEOMETRIC,4,189.364775
pic,rust,1,4,80,weak,GEOMETRIC,4,190.866205
pic,c,0,4,80,weak,GEOMETRIC,5,179.110438
pic,c,1,4,80,weak,GEOMETRIC,5,187.201625
pic,rust,0,4,80,weak,GEOMETRIC,5,189.669389
pic,rust,1,4,80,weak,GEOMETRIC,5,190.59224
pic,c,0,4,80,weak,GEOMETRIC,6,180.762081
pic,c,1,4,80,weak,GEOMETRIC,6,188.256349
pic,rust,0,4,80,weak,GEOMETRIC,6,188.870273
pic,rust,1,4,80,weak,GEOMETRIC,6,193.299314
pic,c,0,4,80,weak,GEOMETRIC,7,176.45671
pic,c,1,4,80,weak,GEOMETRIC,7,186.502361
pic,rust,0,4,80,weak,GEOMETRIC,7,188.81418
pic,rust,1,4,80,weak,GEOMETRIC,7,192.746153
pic,c,0,4,80,weak,GEOMETRIC,8,182.329572
pic,c,1,4,80,weak,GEOMETRIC,8,188.232798
pic,rust,0,4,80,weak,GEOMETRIC,8,184.349627
pic,rust,1,4,80,weak,GEOMETRIC,8,191.576061
pic,c,0,4,80,weak,GEOMETRIC,9,182.278383
pic,c,1,4,80,weak,GEOMETRIC,9,188.754808
pic,rust,0,4,80,weak,GEOMETRIC,9,188.880074
pic,rust,1,4,80,weak,GEOMETRIC,9,188.54069
pic,c,0,4,80,weak,LINEAR,0,761.874713
pic,c,1,4,80,weak,LINEAR,0,782.708291
pic,rust,0,4,80,weak,LINEAR,0,476.138015
pic,rust,1,4,80,weak,LINEAR,0,515.93242
pic,c,0,4,80,weak,LINEAR,1,747.922699
pic,c,1,4,80,weak,LINEAR,1,767.157303
pic,rust,0,4,80,weak,LINEAR,1,499.154266
pic,rust,1,4,80,weak,LINEAR,1,500.774738
pic,c,0,4,80,weak,LINEAR,2,752.977779
pic,c,1,4,80,weak,LINEAR,2,780.179186
pic,rust,0,4,80,weak,LINEAR,2,519.094267
pic,rust,1,4,80,weak,LINEAR,2,498.483402
pic,c,0,4,80,weak,LINEAR,3,738.278984
pic,c,1,4,80,weak,LINEAR,3,774.805144
pic,rust,0,4,80,weak,LINEAR,3,481.334836
pic,rust,1,4,80,weak,LINEAR,3,502.522821
pic,c,0,4,80,weak,LINEAR,4,728.476126
pic,c,1,4,80,weak,LINEAR,4,745.820441
pic,rust,0,4,80,weak,LINEAR,4,492.975385
pic,rust,1,4,80,weak,LINEAR,4,513.548002
pic,c,0,4,80,weak,LINEAR,5,673.59963
pic,c,1,4,80,weak,LINEAR,5,771.10642
pic,rust,0,4,80,weak,LINEAR,5,497.594749
pic,rust,1,4,80,weak,LINEAR,5,481.732404
pic,c,0,4,80,weak,LINEAR,6,740.035368
pic,c,1,4,80,weak,LINEAR,6,785.06577
pic,rust,0,4,80,weak,LINEAR,6,510.757223
pic,rust,1,4,80,weak,LINEAR,6,500.814306
pic,c,0,4,80,weak,LINEAR,7,736.519074
pic,c,1,4,80,weak,LINEAR,7,756.455425
pic,rust,0,4,80,weak,LINEAR,7,492.985861
pic,rust,1,4,80,weak,LINEAR,7,511.256791
pic,c,0,4,80,weak,LINEAR,8,748.318457
pic,c,1,4,80,weak,LINEAR,8,784.826675
pic,rust,0,4,80,weak,LINEAR,8,497.666291
pic,rust,1,4,80,weak,LINEAR,8,511.315841
pic,c,0,4,80,weak,LINEAR,9,732.741761
pic,c,1,4,80,weak,LINEAR,9,815.583636
pic,rust,0,4,80,weak,LINEAR,9,487.229589
pic,rust,1,4,80,weak,LINEAR,9,490.483856
pic,c,0,4,80,weak,PATCH,0,19.934683
pic,c,1,4,80,weak,PATCH,0,20.821768
pic,rust,0,4,80,weak,PATCH,0,21.737794
pic,rust,1,4,80,weak,PATCH,0,21.886233
pic,c,0,4,80,weak,PATCH,1,19.967024
pic,c,1,4,80,weak,PATCH,1,20.79201
pic,rust,0,4,80,weak,PATCH,1,21.636702
pic,rust,1,4,80,weak,PATCH,1,21.71264
pic,c,0,4,80,weak,PATCH,2,19.930991
pic,c,1,4,80,weak,PATCH,2,20.78863
pic,rust,0,4,80,weak,PATCH,2,21.746613
pic,rust,1,4,80,weak,PATCH,2,21.8126
pic,c,0,4,80,weak,PATCH,3,19.989898
pic,c,1,4,80,weak,PATCH,3,20.810066
pic,rust,0,4,80,weak,PATCH,3,21.478981
pic,rust,1,4,80,weak,PATCH,3,21.873926
pic,c,0,4,80,weak,PATCH,4,19.976837
pic,c,1,4,80,weak,PATCH,4,20.827665
pic,rust,0,4,80,weak,PATCH,4,21.585883
pic,rust,1,4,80,weak,PATCH,4,21.82031
pic,c,0,4,80,weak,PATCH,5,19.979094
pic,c,1,4,80,weak,PATCH,5,20.755575
pic,rust,0,4,80,weak,PATCH,5,21.761463
pic,rust,1,4,80,weak,PATCH,5,21.831352
pic,c,0,4,80,weak,PATCH,6,19.959637
pic,c,1,4,80,weak,PATCH,6,20.800685
pic,rust,0,4,80,weak,PATCH,6,21.586649
pic,rust,1,4,80,weak,PATCH,6,21.968826
pic,c,0,4,80,weak,PATCH,7,19.967257
pic,c,1,4,80,weak,PATCH,7,20.795147
pic,rust,0,4,80,weak,PATCH,7,21.554004
pic,rust,1,4,80,weak,PATCH,7,21.967847
pic,c,0,4,80,weak,PATCH,8,19.985567
pic,c,1,4,80,weak,PATCH,8,20.743013
pic,rust,0,4,80,weak,PATCH,8,21.647758
pic,rust,1,4,80,weak,PATCH,8,21.972072
pic,c,0,4,80,weak,PATCH,9,19.992772
pic,c,1,4,80,weak,PATCH,9,20.794343
pic,rust,0,4,80,weak,PATCH,9,21.534838
pic,rust,1,4,80,weak,PATCH,9,22.03016
pic,c,0,4,80,weak,SINUSOIDAL,0,450.844186
pic,c,1,4,80,weak,SINUSOIDAL,0,481.22124
pic,rust,0,4,80,weak,SINUSOIDAL,0,372.96524
pic,rust,1,4,80,weak,SINUSOIDAL,0,379.360306
pic,c,0,4,80,weak,SINUSOIDAL,1,450.124104
pic,c,1,4,80,weak,SINUSOIDAL,1,480.331612
pic,rust,0,4,80,weak,SINUSOIDAL,1,381.736228
pic,rust,1,4,80,weak,SINUSOIDAL,1,381.028047
pic,c,0,4,80,weak,SINUSOIDAL,2,450.369918
pic,c,1,4,80,weak,SINUSOIDAL,2,469.154665
pic,rust,0,4,80,weak,SINUSOIDAL,2,379.344791
pic,rust,1,4,80,weak,SINUSOIDAL,2,381.501867
pic,c,0,4,80,weak,SINUSOIDAL,3,449.839731
pic,c,1,4,80,weak,SINUSOIDAL,3,471.502263
pic,rust,0,4,80,weak,SINUSOIDAL,3,380.086241
pic,rust,1,4,80,weak,SINUSOIDAL,3,378.4466
pic,c,0,4,80,weak,SINUSOIDAL,4,465.328192
pic,c,1,4,80,weak,SINUSOIDAL,4,473.973324
pic,rust,0,4,80,weak,SINUSOIDAL,4,377.976803
pic,rust,1,4,80,weak,SINUSOIDAL,4,385.936214
pic,c,0,4,80,weak,SINUSOIDAL,5,465.194713
pic,c,1,4,80,weak,SINUSOIDAL,5,477.836194
pic,rust,0,4,80,weak,SINUSOIDAL,5,377.172667
pic,rust,1,4,80,weak,SINUSOIDAL,5,383.92639
pic,c,0,4,80,weak,SINUSOIDAL,6,460.092002
pic,c,1,4,80,weak,SINUSOIDAL,6,469.996904
pic,rust,0,4,80,weak,SINUSOIDAL,6,375.916376
pic,rust,1,4,80,weak,SINUSOIDAL,6,374.15702
pic,c,0,4,80,weak,SINUSOIDAL,7,462.836498
pic,c,1,4,80,weak,SINUSOIDAL,7,470.475023
pic,rust,0,4,80,weak,SINUSOIDAL,7,372.683689
pic,rust,1,4,80,weak,SINUSOIDAL,7,379.046076
pic,c,0,4,80,weak,SINUSOIDAL,8,464.703495
pic,c,1,4,80,weak,SINUSOIDAL,8,471.948951
pic,rust,0,4,80,weak,SINUSOIDAL,8,382.997857
pic,rust,1,4,80,weak,SINUSOIDAL,8,380.964131
pic,c,0,4,80,weak,SINUSOIDAL,9,464.455166
pic,c,1,4,80,weak,SINUSOIDAL,9,481.417036
pic,rust,0,4,80,weak,SINUSOIDAL,9,374.618934
pic,rust,1,4,80,weak,SINUSOIDAL,9,392.120728
solctra,c,0,1,20,strong,NA,0,481.16
solctra,c,1,1,20,strong,NA,0,479.37
solctra,rust,0,1,20,strong,NA,0,476.35382604599
solctra,rust,1,1,20,strong,NA,0,476.63352704048157
solctra,c,0,1,20,strong,NA,1,479.89
solctra,c,1,1,20,strong,NA,1,479.68
solctra,rust,0,1,20,strong,NA,1,476.3633043766022
solctra,rust,1,1,20,strong,NA,1,476.3933479785919
solctra,c,0,1,20,strong,NA,2,480.13
solctra,c,1,1,20,strong,NA,2,480.57
solctra,rust,0,1,20,strong,NA,2,476.3372609615326
solctra,rust,1,1,20,strong,NA,2,476.3097445964813
solctra,c,0,1,20,strong,NA,3,480.15
solctra,c,1,1,20,strong,NA,3,479.87
solctra,rust,0,1,20,strong,NA,3,476.4019591808319
solctra,rust,1,1,20,strong,NA,3,476.2654609680176
solctra,c,0,1,20,strong,NA,4,479.93
solctra,c,1,1,20,strong,NA,4,479.65
solctra,rust,0,1,20,strong,NA,4,476.24702882766724
solctra,rust,1,1,20,strong,NA,4,476.4325325489044
solctra,c,0,2,40,strong,NA,0,239.72
solctra,c,1,2,40,strong,NA,0,239.26
solctra,rust,0,2,40,strong,NA,0,238.69443321228027
solctra,rust,1,2,40,strong,NA,0,238.54971170425415
solctra,c,0,2,40,strong,NA,1,239.42
solctra,c,1,2,40,strong,NA,1,239.71
solctra,rust,0,2,40,strong,NA,1,238.85178756713867
solctra,rust,1,2,40,strong,NA,1,238.5772669315338
solctra,c,0,2,40,strong,NA,2,239.58
solctra,c,1,2,40,strong,NA,2,239.39
solctra,rust,0,2,40,strong,NA,2,238.71601152420044
solctra,rust,1,2,40,strong,NA,2,238.58798789978027
solctra,c,0,2,40,strong,NA,3,239.67
solctra,c,1,2,40,strong,NA,3,239.14
solctra,rust,0,2,40,strong,NA,3,238.58097887039185
solctra,rust,1,2,40,strong,NA,3,238.59080529212952
solctra,c,0,2,40,strong,NA,4,239.58
solctra,c,1,2,40,strong,NA,4,239.64
solctra,rust,0,2,40,strong,NA,4,238.7354552745819
solctra,rust,1,2,40,strong,NA,4,238.42604541778564
solctra,c,0,4,80,strong,NA,0,120.59
solctra,c,1,4,80,strong,NA,0,120.19
solctra,rust,0,4,80,strong,NA,0,120.15721440315247
solctra,rust,1,4,80,strong,NA,0,119.87326693534851
solctra,c,0,4,80,strong,NA,1,120.24
solctra,c,1,4,80,strong,NA,1,120.35
solctra,rust,0,4,80,strong,NA,1,120.08422327041626
solctra,rust,1,4,80,strong,NA,1,119.79921388626099
solctra,c,0,4,80,strong,NA,2,120.37
solctra,c,1,4,80,strong,NA,2,120.19
solctra,rust,0,4,80,strong,NA,2,120.46316337585449
solctra,rust,1,4,80,strong,NA,2,119.84560179710388
solctra,c,0,4,80,strong,NA,3,121.2
solctra,c,1,4,80,strong,NA,3,120.28
solctra,rust,0,4,80,strong,NA,3,120.42224383354187
solctra,rust,1,4,80,strong,NA,3,119.76876258850098
solctra,c,0,4,80,strong,NA,4,120.38
solctra,c,1,4,80,strong,NA,4,120.39
solctra,rust,0,4,80,strong,NA,4,120.05963158607483
solctra,rust,1,4,80,strong,NA,4,119.75172686576843
